id,first_seen
C-00B20E,1791450937
C-024BB6,1791451895
C-084D1B,1791450937
C-1329C1,1791450937
C-17371B,1791477818
C-18C4EC,1791452445
C-1AC588,1791450937
C-1B44AC,1791477818
C-1B77C5,1791450937
C-1F43ED,1791477818
C-20DD66,1791450937
C-299A6D,1791451895
C-37D929,1791477818
C-3CB118,1791477818
C-3D37DA,1791477818
C-3E4CBF,1791477818
C-3ECCAF,1791477818
C-4115DE,1791477818
C-43B2F0,1791450937
C-444A2A,1791450937
C-4B0E36,1791477818
C-4B1260,1791452445
C-4C807F,1791477818
C-4F2C49,1791477818
C-569599,1791450937
C-578447,1791450937
C-612F5C,1791450937
C-7DC890,1791450937
C-8269C6,1791450937
C-870A00,1791477818
C-8D1C35,1791450937
C-8F7FAA,1791477818
C-9BCD80,1791450937
C-A66CC4,1791477818
C-B53E3A,1791450937
C-BB151D,1791450937
C-BD6DB4,1791477818
C-C38960,1791477818
C-C96235,1791477818
C-CA41E7,1791451895
C-CA8095,1791450937
C-D1FB36,1791477818
C-D30EFE,1791477818
C-D3CCF3,1791450937
C-D866B2,1791477818
C-DD80BE,1791450937
C-DEAD66,1791450937
C-E29290,1791451895
C-EA3A54,1791450937
C-EAB09E,1791450937
C-EEED6F,1791452445
C-F00DBD,1791477818
C-F11CB7,1791452445
C-F17AE5,1791477818
C-F38B20,1791452445
C-F54CA7,1791450937
C-F9E2A6,1791450937
