address,status,tx_count,first_tx,wake_ts,gap_days,first_deploy,funder,fund_wei,fund_ts,enriched_at
0x024bb6f3d91d08bedc10e6f0fc77aee878081386,error,,,,,1791451429,,,,1791451939
0x0dca33ffd6e69b47280f50442b5ebc722215ad1c,error,,,,,1791396855,,,,1791450979
0x299a6d7e23149e004746902b1a24425612e225da,error,,,,,1791451449,,,,1791451930
0x3d37da298e3a19e6b3d50802bff5057d364cd4ef,error,,,,,1791450437,,,,1791450954
0x3d5fb22855b57ee30d9c99aa25d279c9e1235d8b,error,,,,,1791451495,,,,1791451922
0x5695998081df75b90d6dec7b6ac7326f9a6852cc,error,,,,,1791449987,,,,1791450970
0x5b2d2b2ad97665c3f4e2666d20fe854608f90f4f,error,,,,,1791451751,,,,1791451904
0x7390c7402415b02511b179eaffedfbe82cee490f,error,,,,,1791450811,,,,1791450962
0x9c66fae426a8a3596c0949b636ed418c7f7acb7d,error,,,,,1791451535,,,,1791451913
0xbb151da331d123a23ff87641204be7b5ec0ebcd9,error,,,,,1791450323,,,,1791450946
